T,Duration,Acceleration
1,243.7,1
2,149,1.63557
3,125.2,1.94649
4,113,2.15664
5,125.7,1.93874
6,135.3,1.80118
7,127.6,1.90987
8,143.7,1.69589
